<?xml version='1.0' encoding='UTF-8'?><services version='1.0'>

  <container id='default' version='1.0'>
    <search/>
    <document-api/>
    <nodes>
      <node hostalias='node1'/>
    </nodes>
  </container>

  <content id='content' version='1.0'>
    <redundancy>1</redundancy>
    <search>
      <visibility-delay>1.0</visibility-delay>
    </search>
    <documents>
      <document mode='index' type='_doc'/>
    </documents>
    <nodes>
      <node hostalias='node1' distribution-key="0"/>
    </nodes>
    <engine>
      <proton>
        <searchable-copies>1</searchable-copies>
      </proton>
    </engine>
  </content>

</services>